{"client_meta":{"background_color":{"r":0.8980392217636108,"g":0.8980392217636108,"b":0.8980392217636108,"a":1},"thumbnail_size":{"width":400,"height":244},"render_coordinates":{"x":-4260,"y":-2.388453483581543,"width":4392.1298828125,"height":2675.823974609375}},"file_name":"여운 카페 디자인 피그마","developer_related_links":[],"exported_at":"2026-02-20T01:01:42.710Z"}